group,function,value,throughput_num,throughput_type,sample_measured_value,unit,iteration_count
get_bench,sled_10,,,,1094600.0,ns,2738
get_bench,sled_10,,,,2105300.0,ns,5476
get_bench,sled_10,,,,3118100.0,ns,8214
get_bench,sled_10,,,,4080200.0,ns,10952
get_bench,sled_10,,,,5065400.0,ns,13690
get_bench,sled_10,,,,6089000.0,ns,16428
get_bench,sled_10,,,,7050900.0,ns,19166
get_bench,sled_10,,,,8019000.0,ns,21904
get_bench,sled_10,,,,9055900.0,ns,24642
get_bench,sled_10,,,,10061300.0,ns,27380
get_bench,sled_10,,,,11008600.0,ns,30118
get_bench,sled_10,,,,12066300.0,ns,32856
get_bench,sled_10,,,,12944500.0,ns,35594
get_bench,sled_10,,,,13987100.0,ns,38332
get_bench,sled_10,,,,14861300.0,ns,41070
get_bench,sled_10,,,,16038200.0,ns,43808
get_bench,sled_10,,,,16838900.0,ns,46546
get_bench,sled_10,,,,17897300.0,ns,49284
get_bench,sled_10,,,,18870600.0,ns,52022
get_bench,sled_10,,,,19805400.0,ns,54760
get_bench,sled_10,,,,20838300.0,ns,57498
get_bench,sled_10,,,,21711700.0,ns,60236
get_bench,sled_10,,,,22780000.0,ns,62974
get_bench,sled_10,,,,23920400.0,ns,65712
get_bench,sled_10,,,,24685700.0,ns,68450
get_bench,sled_10,,,,28806700.0,ns,71188
get_bench,sled_10,,,,26626700.0,ns,73926
get_bench,sled_10,,,,27740300.0,ns,76664
get_bench,sled_10,,,,28675300.0,ns,79402
get_bench,sled_10,,,,29638600.0,ns,82140
get_bench,sled_10,,,,30618000.0,ns,84878
get_bench,sled_10,,,,31713900.0,ns,87616
get_bench,sled_10,,,,32462700.0,ns,90354
get_bench,sled_10,,,,35631400.0,ns,93092
get_bench,sled_10,,,,34582400.0,ns,95830
get_bench,sled_10,,,,37969100.0,ns,98568
get_bench,sled_10,,,,36470200.0,ns,101306
get_bench,sled_10,,,,38787400.0,ns,104044
get_bench,sled_10,,,,38615900.0,ns,106782
get_bench,sled_10,,,,39622800.0,ns,109520
get_bench,sled_10,,,,40690000.0,ns,112258
get_bench,sled_10,,,,41537900.0,ns,114996
get_bench,sled_10,,,,42317400.0,ns,117734
get_bench,sled_10,,,,43501500.0,ns,120472
get_bench,sled_10,,,,45319800.0,ns,123210
get_bench,sled_10,,,,45288000.0,ns,125948
get_bench,sled_10,,,,46214300.0,ns,128686
get_bench,sled_10,,,,47566100.0,ns,131424
get_bench,sled_10,,,,48337300.0,ns,134162
get_bench,sled_10,,,,49298700.0,ns,136900
get_bench,sled_10,,,,50471900.0,ns,139638
get_bench,sled_10,,,,51464900.0,ns,142376
get_bench,sled_10,,,,52648700.0,ns,145114
get_bench,sled_10,,,,53293900.0,ns,147852
get_bench,sled_10,,,,54413100.0,ns,150590
get_bench,sled_10,,,,55348400.0,ns,153328
get_bench,sled_10,,,,56172600.0,ns,156066
get_bench,sled_10,,,,56879200.0,ns,158804
get_bench,sled_10,,,,58131400.0,ns,161542
get_bench,sled_10,,,,58886400.0,ns,164280
get_bench,sled_10,,,,60514900.0,ns,167018
get_bench,sled_10,,,,60989300.0,ns,169756
get_bench,sled_10,,,,61972100.0,ns,172494
get_bench,sled_10,,,,63562400.0,ns,175232
get_bench,sled_10,,,,64083500.0,ns,177970
get_bench,sled_10,,,,65473300.0,ns,180708
get_bench,sled_10,,,,66455600.0,ns,183446
get_bench,sled_10,,,,67339900.0,ns,186184
get_bench,sled_10,,,,68012500.0,ns,188922
get_bench,sled_10,,,,68929800.0,ns,191660
get_bench,sled_10,,,,70047800.0,ns,194398
get_bench,sled_10,,,,71383700.0,ns,197136
get_bench,sled_10,,,,71836500.0,ns,199874
get_bench,sled_10,,,,73053100.0,ns,202612
get_bench,sled_10,,,,73624800.0,ns,205350
get_bench,sled_10,,,,74466000.0,ns,208088
get_bench,sled_10,,,,76445300.0,ns,210826
get_bench,sled_10,,,,76436400.0,ns,213564
get_bench,sled_10,,,,77598200.0,ns,216302
get_bench,sled_10,,,,78658800.0,ns,219040
get_bench,sled_10,,,,81469300.0,ns,221778
get_bench,sled_10,,,,81256900.0,ns,224516
get_bench,sled_10,,,,82079000.0,ns,227254
get_bench,sled_10,,,,83250600.0,ns,229992
get_bench,sled_10,,,,84248900.0,ns,232730
get_bench,sled_10,,,,86005000.0,ns,235468
get_bench,sled_10,,,,86175900.0,ns,238206
get_bench,sled_10,,,,86504100.0,ns,240944
get_bench,sled_10,,,,88636100.0,ns,243682
get_bench,sled_10,,,,88886500.0,ns,246420
get_bench,sled_10,,,,90665500.0,ns,249158
get_bench,sled_10,,,,90431200.0,ns,251896
get_bench,sled_10,,,,91685000.0,ns,254634
get_bench,sled_10,,,,92267900.0,ns,257372
get_bench,sled_10,,,,94801300.0,ns,260110
get_bench,sled_10,,,,94729900.0,ns,262848
get_bench,sled_10,,,,95659300.0,ns,265586
get_bench,sled_10,,,,97715200.0,ns,268324
get_bench,sled_10,,,,98093000.0,ns,271062
get_bench,sled_10,,,,98468000.0,ns,273800
